Skill,Interests,Experience_Level,Recommended_Career
Java,AI Research,Intermediate,Mobile Developer
SQL,Cybersecurity,Advanced,Cybersecurity Analyst
Java,AI Research,Advanced,Mobile Developer
Python,Mobile Apps,Intermediate,Data Scientist
SQL,Mobile Apps,Intermediate,Data Scientist
C++,Mobile Apps,Beginner,Mobile Developer
JavaScript,Web Development,Intermediate,Web Developer
Python,AI Research,Intermediate,AI Engineer
SQL,Mobile Apps,Intermediate,Data Scientist
Python,AI Research,Advanced,AI Engineer
Python,Data Science,Beginner,Data Scientist
Java,Data Science,Advanced,Mobile Developer
C++,Data Science,Advanced,AI Engineer
Python,AI Research,Beginner,AI Engineer
C++,Web Development,Advanced,AI Engineer
Python,Data Science,Advanced,Data Scientist
SQL,Cybersecurity,Advanced,Cybersecurity Analyst
C++,AI Research,Intermediate,AI Engineer
SQL,Web Development,Beginner,Cybersecurity Analyst
SQL,Data Science,Intermediate,Data Scientist
Java,AI Research,Advanced,Mobile Developer
C++,Cybersecurity,Advanced,Cybersecurity Analyst
SQL,Web Development,Intermediate,Data Scientist
C++,AI Research,Intermediate,AI Engineer
Java,Data Science,Beginner,Mobile Developer
C++,Cybersecurity,Beginner,Cybersecurity Analyst
Python,Data Science,Intermediate,Data Scientist
C++,Data Science,Advanced,AI Engineer
Python,AI Research,Intermediate,AI Engineer
Python,AI Research,Beginner,AI Engineer
JavaScript,Cybersecurity,Intermediate,Web Developer
SQL,AI Research,Intermediate,Data Scientist
JavaScript,Mobile Apps,Beginner,Web Developer
SQL,Data Science,Intermediate,Data Scientist
Python,AI Research,Advanced,AI Engineer
SQL,AI Research,Beginner,Cybersecurity Analyst
Python,Mobile Apps,Beginner,Cybersecurity Analyst
SQL,Web Development,Intermediate,Data Scientist
Python,Mobile Apps,Advanced,Data Scientist
SQL,Data Science,Beginner,Data Scientist
Python,Data Science,Beginner,Data Scientist
C++,Cybersecurity,Intermediate,Cybersecurity Analyst
C++,Web Development,Beginner,Cybersecurity Analyst
C++,Data Science,Advanced,AI Engineer
Java,Mobile Apps,Advanced,Mobile Developer
Java,Mobile Apps,Advanced,Mobile Developer
Python,Data Science,Intermediate,Data Scientist
Java,Mobile Apps,Intermediate,Mobile Developer
Java,Data Science,Advanced,Mobile Developer
Python,Mobile Apps,Advanced,Data Scientist
Java,Data Science,Beginner,Mobile Developer
C++,AI Research,Beginner,AI Engineer
Python,Cybersecurity,Intermediate,Cybersecurity Analyst
Python,Data Science,Advanced,Data Scientist
C++,Web Development,Intermediate,Mobile Developer
C++,Data Science,Beginner,Cybersecurity Analyst
Java,AI Research,Intermediate,Mobile Developer
Java,Mobile Apps,Advanced,Mobile Developer
JavaScript,AI Research,Beginner,Web Developer
JavaScript,AI Research,Advanced,Web Developer
JavaScript,Cybersecurity,Intermediate,Web Developer
SQL,Data Science,Beginner,Data Scientist
JavaScript,Cybersecurity,Advanced,Web Developer
SQL,Mobile Apps,Beginner,Cybersecurity Analyst
Java,AI Research,Advanced,Mobile Developer
C++,Web Development,Beginner,Cybersecurity Analyst
Python,Data Science,Beginner,Data Scientist
Python,AI Research,Beginner,AI Engineer
SQL,Data Science,Beginner,Data Scientist
SQL,Data Science,Intermediate,Data Scientist
Python,Cybersecurity,Intermediate,Cybersecurity Analyst
Python,Cybersecurity,Advanced,Cybersecurity Analyst
Java,Cybersecurity,Intermediate,Mobile Developer
Java,Cybersecurity,Advanced,Mobile Developer
JavaScript,Web Development,Intermediate,Web Developer
JavaScript,Web Development,Advanced,Web Developer
Python,Data Science,Beginner,Data Scientist
Python,Cybersecurity,Beginner,Cybersecurity Analyst
C++,Cybersecurity,Intermediate,Cybersecurity Analyst
C++,Cybersecurity,Advanced,Cybersecurity Analyst
JavaScript,Cybersecurity,Beginner,Web Developer
SQL,Web Development,Beginner,Cybersecurity Analyst
JavaScript,Data Science,Beginner,Web Developer
JavaScript,Web Development,Intermediate,Web Developer
Java,Mobile Apps,Advanced,Mobile Developer
Python,Web Development,Intermediate,Data Scientist
Python,AI Research,Advanced,AI Engineer
Python,Mobile Apps,Intermediate,Data Scientist
JavaScript,Data Science,Advanced,Web Developer
SQL,AI Research,Intermediate,Data Scientist
JavaScript,Data Science,Intermediate,Web Developer
C++,Web Development,Advanced,AI Engineer
SQL,Data Science,Beginner,Data Scientist
Python,Mobile Apps,Advanced,Data Scientist
Java,AI Research,Intermediate,Mobile Developer
Java,AI Research,Beginner,Mobile Developer
JavaScript,Cybersecurity,Advanced,Web Developer
Python,Cybersecurity,Beginner,Cybersecurity Analyst
SQL,Data Science,Intermediate,Data Scientist
JavaScript,AI Research,Beginner,Web Developer
C++,Web Development,Advanced,AI Engineer
JavaScript,Mobile Apps,Beginner,Web Developer
Python,AI Research,Advanced,AI Engineer
Python,Web Development,Beginner,Cybersecurity Analyst
Java,Data Science,Intermediate,Mobile Developer
Java,Cybersecurity,Intermediate,Mobile Developer
Java,Mobile Apps,Advanced,Mobile Developer
C++,AI Research,Beginner,AI Engineer
Python,Cybersecurity,Beginner,Cybersecurity Analyst
C++,Data Science,Advanced,AI Engineer
JavaScript,Mobile Apps,Intermediate,Web Developer
Java,AI Research,Beginner,Mobile Developer
Python,AI Research,Advanced,AI Engineer
Java,Data Science,Intermediate,Mobile Developer
Python,Mobile Apps,Intermediate,Data Scientist
JavaScript,Cybersecurity,Advanced,Web Developer
Java,AI Research,Advanced,Mobile Developer
Python,AI Research,Intermediate,AI Engineer
SQL,Mobile Apps,Beginner,Cybersecurity Analyst
C++,Data Science,Beginner,Cybersecurity Analyst
Python,Mobile Apps,Intermediate,Data Scientist
SQL,Data Science,Advanced,Data Scientist
Python,Mobile Apps,Beginner,Cybersecurity Analyst
SQL,Cybersecurity,Advanced,Cybersecurity Analyst
Java,Web Development,Advanced,Web Developer
Python,Mobile Apps,Advanced,Data Scientist
SQL,Data Science,Intermediate,Data Scientist
Python,Web Development,Beginner,Cybersecurity Analyst
SQL,Cybersecurity,Intermediate,Data Scientist
SQL,Cybersecurity,Beginner,Cybersecurity Analyst
Python,Cybersecurity,Beginner,Cybersecurity Analyst
SQL,Data Science,Advanced,Data Scientist
Java,Cybersecurity,Advanced,Mobile Developer
C++,AI Research,Intermediate,AI Engineer
JavaScript,Cybersecurity,Beginner,Web Developer
Python,Cybersecurity,Advanced,Cybersecurity Analyst
JavaScript,Web Development,Intermediate,Web Developer
Java,Mobile Apps,Intermediate,Mobile Developer
JavaScript,Mobile Apps,Beginner,Web Developer
C++,Cybersecurity,Advanced,Cybersecurity Analyst
JavaScript,AI Research,Advanced,Web Developer
C++,AI Research,Intermediate,AI Engineer
JavaScript,Mobile Apps,Intermediate,Web Developer
JavaScript,AI Research,Intermediate,Web Developer
Python,Mobile Apps,Intermediate,Data Scientist
C++,AI Research,Advanced,AI Engineer
JavaScript,Mobile Apps,Intermediate,Web Developer
Java,Mobile Apps,Beginner,Mobile Developer
Java,Data Science,Beginner,Mobile Developer
Python,AI Research,Intermediate,AI Engineer
Java,Data Science,Advanced,Mobile Developer
Java,AI Research,Advanced,Mobile Developer
Python,AI Research,Advanced,AI Engineer
SQL,Cybersecurity,Intermediate,Data Scientist
Python,AI Research,Beginner,AI Engineer
JavaScript,Data Science,Beginner,Web Developer
SQL,Data Science,Intermediate,Data Scientist
SQL,Mobile Apps,Intermediate,Data Scientist
Python,Web Development,Intermediate,Data Scientist
Python,Data Science,Intermediate,Data Scientist
JavaScript,Data Science,Intermediate,Web Developer
JavaScript,Mobile Apps,Beginner,Web Developer
C++,AI Research,Beginner,AI Engineer
Java,Mobile Apps,Intermediate,Mobile Developer
Python,AI Research,Advanced,AI Engineer
JavaScript,AI Research,Beginner,Web Developer
C++,Mobile Apps,Advanced,Mobile Developer
C++,Mobile Apps,Beginner,Mobile Developer
Python,Cybersecurity,Advanced,Cybersecurity Analyst
Java,Web Development,Beginner,Web Developer
Java,Mobile Apps,Beginner,Mobile Developer
Java,AI Research,Beginner,Mobile Developer
Java,Web Development,Advanced,Web Developer
C++,AI Research,Intermediate,AI Engineer
Python,Web Development,Beginner,Cybersecurity Analyst
SQL,Mobile Apps,Beginner,Cybersecurity Analyst
Java,Cybersecurity,Beginner,Mobile Developer
C++,Cybersecurity,Advanced,Cybersecurity Analyst
Java,Mobile Apps,Advanced,Mobile Developer
C++,Cybersecurity,Intermediate,Cybersecurity Analyst
C++,AI Research,Advanced,AI Engineer
Java,AI Research,Advanced,Mobile Developer
SQL,Cybersecurity,Advanced,Cybersecurity Analyst
JavaScript,Mobile Apps,Advanced,Web Developer
C++,Data Science,Advanced,AI Engineer
C++,AI Research,Advanced,AI Engineer
Python,Cybersecurity,Advanced,Cybersecurity Analyst
Java,Web Development,Advanced,Web Developer
C++,Data Science,Advanced,AI Engineer
Python,AI Research,Advanced,AI Engineer
Python,AI Research,Advanced,AI Engineer
SQL,AI Research,Beginner,Cybersecurity Analyst
SQL,Web Development,Intermediate,Data Scientist
Java,Mobile Apps,Intermediate,Mobile Developer
JavaScript,Web Development,Intermediate,Web Developer
SQL,Data Science,Intermediate,Data Scientist
SQL,Web Development,Advanced,Cybersecurity Analyst
JavaScript,AI Research,Advanced,Web Developer
Python,Mobile Apps,Intermediate,Data Scientist
Java,Web Development,Advanced,Web Developer
Python,AI Research,Advanced,AI Engineer
JavaScript,AI Research,Advanced,Web Developer
JavaScript,Mobile Apps,Advanced,Web Developer
JavaScript,Data Science,Intermediate,Web Developer
Python,Web Development,Beginner,Cybersecurity Analyst
C++,Web Development,Beginner,Cybersecurity Analyst
C++,Mobile Apps,Beginner,Mobile Developer
C++,AI Research,Beginner,AI Engineer
Python,Data Science,Intermediate,Data Scientist
C++,Mobile Apps,Advanced,Mobile Developer
C++,Data Science,Beginner,Cybersecurity Analyst
JavaScript,AI Research,Advanced,Web Developer
Python,Web Development,Intermediate,Data Scientist
C++,Mobile Apps,Advanced,Mobile Developer
C++,Mobile Apps,Intermediate,Mobile Developer
SQL,Cybersecurity,Advanced,Cybersecurity Analyst
Java,Cybersecurity,Advanced,Mobile Developer
JavaScript,Web Development,Intermediate,Web Developer
C++,Web Development,Advanced,AI Engineer
JavaScript,Cybersecurity,Intermediate,Web Developer
JavaScript,Data Science,Beginner,Web Developer
SQL,Data Science,Beginner,Data Scientist
C++,AI Research,Beginner,AI Engineer
C++,Data Science,Beginner,Cybersecurity Analyst
Python,Data Science,Advanced,Data Scientist
Java,Cybersecurity,Advanced,Mobile Developer
JavaScript,Mobile Apps,Beginner,Web Developer
Python,Mobile Apps,Advanced,Data Scientist
C++,AI Research,Advanced,AI Engineer
Python,Cybersecurity,Advanced,Cybersecurity Analyst
SQL,Cybersecurity,Intermediate,Data Scientist
C++,AI Research,Advanced,AI Engineer
SQL,AI Research,Intermediate,Data Scientist
Java,Web Development,Advanced,Web Developer
SQL,Cybersecurity,Beginner,Cybersecurity Analyst
Python,Data Science,Advanced,Data Scientist
C++,Data Science,Intermediate,Mobile Developer
Python,AI Research,Advanced,AI Engineer
SQL,AI Research,Beginner,Cybersecurity Analyst
C++,Data Science,Intermediate,Mobile Developer
SQL,Cybersecurity,Beginner,Cybersecurity Analyst
Python,Data Science,Intermediate,Data Scientist
JavaScript,Cybersecurity,Intermediate,Web Developer
SQL,Data Science,Beginner,Data Scientist
JavaScript,Data Science,Intermediate,Web Developer
Java,Cybersecurity,Intermediate,Mobile Developer
Java,AI Research,Beginner,Mobile Developer
JavaScript,Data Science,Beginner,Web Developer
SQL,Cybersecurity,Advanced,Cybersecurity Analyst
Python,AI Research,Beginner,AI Engineer
JavaScript,AI Research,Beginner,Web Developer
C++,Web Development,Advanced,AI Engineer
Python,Data Science,Beginner,Data Scientist
SQL,Data Science,Advanced,Data Scientist
SQL,Mobile Apps,Beginner,Cybersecurity Analyst
C++,AI Research,Advanced,AI Engineer
Java,Mobile Apps,Intermediate,Mobile Developer
SQL,Data Science,Beginner,Data Scientist
Python,Data Science,Beginner,Data Scientist
C++,Web Development,Intermediate,Mobile Developer
C++,Mobile Apps,Beginner,Mobile Developer
JavaScript,Web Development,Advanced,Web Developer
SQL,Cybersecurity,Intermediate,Data Scientist
C++,AI Research,Intermediate,AI Engineer
Java,Mobile Apps,Intermediate,Mobile Developer
SQL,Cybersecurity,Intermediate,Data Scientist
C++,AI Research,Beginner,AI Engineer
Python,Cybersecurity,Advanced,Cybersecurity Analyst
SQL,AI Research,Beginner,Cybersecurity Analyst
Java,Web Development,Intermediate,Web Developer
JavaScript,Web Development,Beginner,Web Developer
JavaScript,Data Science,Intermediate,Web Developer
SQL,Data Science,Intermediate,Data Scientist
Java,Web Development,Intermediate,Web Developer
Python,Web Development,Beginner,Cybersecurity Analyst
Python,Cybersecurity,Advanced,Cybersecurity Analyst
JavaScript,Cybersecurity,Intermediate,Web Developer
Java,Cybersecurity,Advanced,Mobile Developer
Java,Data Science,Intermediate,Mobile Developer
C++,Web Development,Intermediate,Mobile Developer
Java,Cybersecurity,Advanced,Mobile Developer
JavaScript,Data Science,Advanced,Web Developer
Python,Data Science,Advanced,Data Scientist
Python,Mobile Apps,Advanced,Data Scientist
Python,AI Research,Intermediate,AI Engineer
JavaScript,AI Research,Intermediate,Web Developer
SQL,AI Research,Advanced,Cybersecurity Analyst
Python,Mobile Apps,Advanced,Data Scientist
Python,Web Development,Advanced,Data Scientist
Python,AI Research,Intermediate,AI Engineer
Python,AI Research,Beginner,AI Engineer
C++,Cybersecurity,Beginner,Cybersecurity Analyst
Python,AI Research,Advanced,AI Engineer
Python,AI Research,Intermediate,AI Engineer
C++,Web Development,Beginner,Cybersecurity Analyst
Java,Cybersecurity,Advanced,Mobile Developer
C++,AI Research,Advanced,AI Engineer
SQL,Cybersecurity,Beginner,Cybersecurity Analyst
Python,Mobile Apps,Intermediate,Data Scientist
Python,Data Science,Intermediate,Data Scientist
JavaScript,Web Development,Advanced,Web Developer
SQL,Cybersecurity,Intermediate,Data Scientist
Python,Mobile Apps,Advanced,Data Scientist
Java,AI Research,Beginner,Mobile Developer
Java,AI Research,Beginner,Mobile Developer
Python,AI Research,Advanced,AI Engineer
SQL,Mobile Apps,Beginner,Cybersecurity Analyst
JavaScript,Data Science,Advanced,Web Developer
Python,AI Research,Intermediate,AI Engineer
JavaScript,Data Science,Intermediate,Web Developer
C++,Data Science,Advanced,AI Engineer
JavaScript,Data Science,Intermediate,Web Developer
SQL,Cybersecurity,Intermediate,Data Scientist
Python,Data Science,Advanced,Data Scientist
C++,Data Science,Intermediate,Mobile Developer
Java,AI Research,Intermediate,Mobile Developer
Python,Cybersecurity,Beginner,Cybersecurity Analyst
C++,Web Development,Beginner,Cybersecurity Analyst
Python,AI Research,Intermediate,AI Engineer
SQL,Data Science,Advanced,Data Scientist
JavaScript,Web Development,Beginner,Web Developer
SQL,Web Development,Beginner,Cybersecurity Analyst
SQL,Web Development,Advanced,Cybersecurity Analyst
C++,Mobile Apps,Intermediate,Mobile Developer
C++,AI Research,Intermediate,AI Engineer
Python,Web Development,Beginner,Cybersecurity Analyst
C++,Mobile Apps,Beginner,Mobile Developer
Java,Cybersecurity,Intermediate,Mobile Developer
JavaScript,Cybersecurity,Beginner,Web Developer
Python,Web Development,Intermediate,Data Scientist
C++,AI Research,Beginner,AI Engineer
Java,Mobile Apps,Intermediate,Mobile Developer
JavaScript,AI Research,Beginner,Web Developer
C++,Data Science,Advanced,AI Engineer
JavaScript,AI Research,Advanced,Web Developer
JavaScript,Mobile Apps,Intermediate,Web Developer
Java,AI Research,Advanced,Mobile Developer
C++,Cybersecurity,Advanced,Cybersecurity Analyst
Python,Mobile Apps,Advanced,Data Scientist
Java,Web Development,Intermediate,Web Developer
C++,Data Science,Advanced,AI Engineer
C++,Mobile Apps,Advanced,Mobile Developer
Python,Data Science,Beginner,Data Scientist
Python,AI Research,Beginner,AI Engineer
SQL,Mobile Apps,Beginner,Cybersecurity Analyst
SQL,Web Development,Beginner,Cybersecurity Analyst
Python,Data Science,Beginner,Data Scientist
SQL,Mobile Apps,Intermediate,Data Scientist
Java,Web Development,Intermediate,Web Developer
C++,AI Research,Advanced,AI Engineer
JavaScript,AI Research,Advanced,Web Developer
C++,Data Science,Intermediate,Mobile Developer
SQL,AI Research,Intermediate,Data Scientist
Python,AI Research,Intermediate,AI Engineer
Java,Data Science,Beginner,Mobile Developer
Java,AI Research,Intermediate,Mobile Developer
JavaScript,Data Science,Intermediate,Web Developer
Java,Web Development,Intermediate,Web Developer
Java,Data Science,Intermediate,Mobile Developer
C++,Mobile Apps,Beginner,Mobile Developer
Java,AI Research,Intermediate,Mobile Developer
JavaScript,Mobile Apps,Intermediate,Web Developer
Python,AI Research,Beginner,AI Engineer
SQL,Web Development,Beginner,Cybersecurity Analyst
Java,AI Research,Advanced,Mobile Developer
JavaScript,Mobile Apps,Beginner,Web Developer
C++,Web Development,Intermediate,Mobile Developer
JavaScript,Data Science,Advanced,Web Developer
C++,Data Science,Beginner,Cybersecurity Analyst
Python,Web Development,Intermediate,Data Scientist
SQL,Mobile Apps,Intermediate,Data Scientist
C++,Web Development,Advanced,AI Engineer
Python,AI Research,Intermediate,AI Engineer
JavaScript,Data Science,Intermediate,Web Developer
Java,Mobile Apps,Beginner,Mobile Developer
Java,Mobile Apps,Intermediate,Mobile Developer
Python,Data Science,Advanced,Data Scientist
JavaScript,Cybersecurity,Intermediate,Web Developer
Python,AI Research,Intermediate,AI Engineer
C++,Mobile Apps,Advanced,Mobile Developer
Python,AI Research,Intermediate,AI Engineer
C++,Web Development,Intermediate,Mobile Developer
Java,Mobile Apps,Beginner,Mobile Developer
JavaScript,Data Science,Beginner,Web Developer
C++,Mobile Apps,Beginner,Mobile Developer
C++,AI Research,Beginner,AI Engineer
JavaScript,Web Development,Beginner,Web Developer
C++,Data Science,Beginner,Cybersecurity Analyst
C++,AI Research,Advanced,AI Engineer
SQL,AI Research,Intermediate,Data Scientist
C++,Cybersecurity,Advanced,Cybersecurity Analyst
Java,Cybersecurity,Beginner,Mobile Developer
Java,Data Science,Intermediate,Mobile Developer
Python,Web Development,Advanced,Data Scientist
JavaScript,AI Research,Beginner,Web Developer
SQL,Data Science,Intermediate,Data Scientist
JavaScript,Web Development,Intermediate,Web Developer
Java,Mobile Apps,Advanced,Mobile Developer
Java,Mobile Apps,Advanced,Mobile Developer
Python,AI Research,Intermediate,AI Engineer
JavaScript,Web Development,Intermediate,Web Developer
SQL,AI Research,Beginner,Cybersecurity Analyst
SQL,AI Research,Beginner,Cybersecurity Analyst
Python,Web Development,Advanced,Data Scientist
JavaScript,Data Science,Beginner,Web Developer
JavaScript,Web Development,Advanced,Web Developer
SQL,Data Science,Beginner,Data Scientist
Java,Web Development,Beginner,Web Developer
SQL,Web Development,Advanced,Cybersecurity Analyst
C++,Cybersecurity,Intermediate,Cybersecurity Analyst
C++,Web Development,Beginner,Cybersecurity Analyst
SQL,Cybersecurity,Intermediate,Data Scientist
SQL,Data Science,Advanced,Data Scientist
C++,Web Development,Beginner,Cybersecurity Analyst
Python,Data Science,Advanced,Data Scientist
JavaScript,AI Research,Beginner,Web Developer
Python,AI Research,Intermediate,AI Engineer
Python,Mobile Apps,Advanced,Data Scientist
SQL,AI Research,Intermediate,Data Scientist
SQL,AI Research,Beginner,Cybersecurity Analyst
Java,Mobile Apps,Advanced,Mobile Developer
JavaScript,AI Research,Advanced,Web Developer
JavaScript,AI Research,Advanced,Web Developer
JavaScript,Mobile Apps,Beginner,Web Developer
JavaScript,Cybersecurity,Beginner,Web Developer
SQL,Cybersecurity,Advanced,Cybersecurity Analyst
SQL,Data Science,Beginner,Data Scientist
Java,Cybersecurity,Beginner,Mobile Developer
JavaScript,Mobile Apps,Advanced,Web Developer
Python,Web Development,Beginner,Cybersecurity Analyst
Java,Mobile Apps,Beginner,Mobile Developer
Python,AI Research,Beginner,AI Engineer
SQL,AI Research,Intermediate,Data Scientist
SQL,AI Research,Intermediate,Data Scientist
Java,AI Research,Intermediate,Mobile Developer
JavaScript,Data Science,Advanced,Web Developer
Python,AI Research,Beginner,AI Engineer
SQL,Data Science,Advanced,Data Scientist
SQL,Data Science,Beginner,Data Scientist
Python,Mobile Apps,Beginner,Cybersecurity Analyst
Java,Cybersecurity,Beginner,Mobile Developer
Python,AI Research,Intermediate,AI Engineer
Python,AI Research,Intermediate,AI Engineer
Python,AI Research,Beginner,AI Engineer
C++,AI Research,Advanced,AI Engineer
Java,Web Development,Advanced,Web Developer
JavaScript,Web Development,Beginner,Web Developer
Python,Cybersecurity,Beginner,Cybersecurity Analyst
Java,Web Development,Intermediate,Web Developer
SQL,AI Research,Beginner,Cybersecurity Analyst
JavaScript,Mobile Apps,Beginner,Web Developer
Python,Data Science,Beginner,Data Scientist
Java,Cybersecurity,Intermediate,Mobile Developer
JavaScript,Web Development,Beginner,Web Developer
Java,Cybersecurity,Advanced,Mobile Developer
Java,Cybersecurity,Advanced,Mobile Developer
Python,Web Development,Advanced,Data Scientist
Java,Data Science,Beginner,Mobile Developer
JavaScript,AI Research,Beginner,Web Developer
Java,AI Research,Beginner,Mobile Developer
SQL,Cybersecurity,Advanced,Cybersecurity Analyst
Python,Cybersecurity,Intermediate,Cybersecurity Analyst
JavaScript,Mobile Apps,Intermediate,Web Developer
C++,AI Research,Intermediate,AI Engineer
C++,Data Science,Advanced,AI Engineer
C++,AI Research,Beginner,AI Engineer
C++,Web Development,Advanced,AI Engineer
Python,Web Development,Advanced,Data Scientist
Java,Data Science,Intermediate,Mobile Developer
JavaScript,Cybersecurity,Intermediate,Web Developer
Python,Web Development,Beginner,Cybersecurity Analyst
JavaScript,Data Science,Beginner,Web Developer
Python,AI Research,Intermediate,AI Engineer
C++,Web Development,Intermediate,Mobile Developer
C++,Cybersecurity,Advanced,Cybersecurity Analyst
C++,AI Research,Advanced,AI Engineer
C++,AI Research,Advanced,AI Engineer
C++,Web Development,Advanced,AI Engineer
C++,Web Development,Beginner,Cybersecurity Analyst
SQL,Cybersecurity,Beginner,Cybersecurity Analyst
Python,Mobile Apps,Intermediate,Data Scientist
SQL,Data Science,Beginner,Data Scientist
SQL,Mobile Apps,Advanced,Cybersecurity Analyst
Java,Data Science,Advanced,Mobile Developer
C++,Mobile Apps,Advanced,Mobile Developer
SQL,Data Science,Beginner,Data Scientist
Java,Web Development,Beginner,Web Developer
Python,Data Science,Advanced,Data Scientist
JavaScript,Web Development,Beginner,Web Developer
Python,Cybersecurity,Advanced,Cybersecurity Analyst
Python,AI Research,Intermediate,AI Engineer
JavaScript,AI Research,Intermediate,Web Developer
JavaScript,AI Research,Advanced,Web Developer
SQL,Mobile Apps,Advanced,Cybersecurity Analyst
C++,Mobile Apps,Advanced,Mobile Developer
Java,AI Research,Beginner,Mobile Developer
SQL,Data Science,Beginner,Data Scientist
Java,Data Science,Beginner,Mobile Developer
SQL,Cybersecurity,Intermediate,Data Scientist
Python,AI Research,Beginner,AI Engineer
JavaScript,Cybersecurity,Intermediate,Web Developer
JavaScript,Mobile Apps,Advanced,Web Developer
C++,Web Development,Advanced,AI Engineer
SQL,Data Science,Intermediate,Data Scientist
JavaScript,Cybersecurity,Advanced,Web Developer
C++,AI Research,Beginner,AI Engineer
JavaScript,Web Development,Advanced,Web Developer
SQL,Mobile Apps,Beginner,Cybersecurity Analyst
Python,AI Research,Advanced,AI Engineer
Python,AI Research,Beginner,AI Engineer
JavaScript,Mobile Apps,Beginner,Web Developer
Java,AI Research,Beginner,Mobile Developer
Python,Data Science,Beginner,Data Scientist
Java,Mobile Apps,Beginner,Mobile Developer
SQL,Web Development,Intermediate,Data Scientist
SQL,Cybersecurity,Beginner,Cybersecurity Analyst
SQL,AI Research,Intermediate,Data Scientist
SQL,Mobile Apps,Beginner,Cybersecurity Analyst
C++,AI Research,Intermediate,AI Engineer
Java,Mobile Apps,Intermediate,Mobile Developer
Python,AI Research,Beginner,AI Engineer
Python,Cybersecurity,Beginner,Cybersecurity Analyst
SQL,Web Development,Intermediate,Data Scientist
C++,Mobile Apps,Beginner,Mobile Developer
Java,Mobile Apps,Advanced,Mobile Developer
JavaScript,Cybersecurity,Intermediate,Web Developer
Python,Web Development,Beginner,Cybersecurity Analyst
Python,Mobile Apps,Beginner,Cybersecurity Analyst
SQL,AI Research,Beginner,Cybersecurity Analyst
C++,Mobile Apps,Advanced,Mobile Developer
Python,Mobile Apps,Beginner,Cybersecurity Analyst
JavaScript,Cybersecurity,Advanced,Web Developer
SQL,AI Research,Advanced,Cybersecurity Analyst
Python,Data Science,Advanced,Data Scientist
SQL,Data Science,Intermediate,Data Scientist
SQL,AI Research,Advanced,Cybersecurity Analyst
Python,AI Research,Advanced,AI Engineer
JavaScript,Data Science,Beginner,Web Developer
JavaScript,Mobile Apps,Intermediate,Web Developer
Python,Mobile Apps,Intermediate,Data Scientist
C++,AI Research,Intermediate,AI Engineer
Java,AI Research,Advanced,Mobile Developer
C++,AI Research,Beginner,AI Engineer
Python,Web Development,Advanced,Data Scientist
Python,Mobile Apps,Beginner,Cybersecurity Analyst
C++,AI Research,Beginner,AI Engineer
C++,Cybersecurity,Beginner,Cybersecurity Analyst
SQL,Data Science,Intermediate,Data Scientist
C++,Data Science,Advanced,AI Engineer
JavaScript,AI Research,Intermediate,Web Developer
Python,AI Research,Intermediate,AI Engineer
Python,Mobile Apps,Beginner,Cybersecurity Analyst
Java,Cybersecurity,Beginner,Mobile Developer
C++,Data Science,Advanced,AI Engineer
Python,AI Research,Advanced,AI Engineer
SQL,AI Research,Intermediate,Data Scientist
JavaScript,AI Research,Beginner,Web Developer
C++,Data Science,Beginner,Cybersecurity Analyst
JavaScript,AI Research,Advanced,Web Developer
C++,Web Development,Beginner,Cybersecurity Analyst
JavaScript,Cybersecurity,Beginner,Web Developer
Python,AI Research,Intermediate,AI Engineer
SQL,Cybersecurity,Intermediate,Data Scientist
JavaScript,Web Development,Intermediate,Web Developer
SQL,Cybersecurity,Advanced,Cybersecurity Analyst
C++,Mobile Apps,Advanced,Mobile Developer
Python,Mobile Apps,Advanced,Data Scientist
Java,Mobile Apps,Advanced,Mobile Developer
JavaScript,AI Research,Beginner,Web Developer
C++,AI Research,Advanced,AI Engineer
C++,AI Research,Advanced,AI Engineer
SQL,Mobile Apps,Beginner,Cybersecurity Analyst
JavaScript,AI Research,Intermediate,Web Developer
JavaScript,Mobile Apps,Intermediate,Web Developer
JavaScript,Web Development,Beginner,Web Developer
Python,Data Science,Intermediate,Data Scientist
Python,Mobile Apps,Beginner,Cybersecurity Analyst
Python,AI Research,Intermediate,AI Engineer
JavaScript,Web Development,Intermediate,Web Developer
JavaScript,Cybersecurity,Beginner,Web Developer
JavaScript,AI Research,Advanced,Web Developer
JavaScript,Mobile Apps,Beginner,Web Developer
Java,Cybersecurity,Beginner,Mobile Developer
Python,Web Development,Beginner,Cybersecurity Analyst
Python,Data Science,Intermediate,Data Scientist
SQL,Data Science,Intermediate,Data Scientist
Java,Web Development,Intermediate,Web Developer
JavaScript,Data Science,Beginner,Web Developer
JavaScript,Cybersecurity,Advanced,Web Developer
Python,Mobile Apps,Beginner,Cybersecurity Analyst
JavaScript,AI Research,Intermediate,Web Developer
Java,Cybersecurity,Advanced,Mobile Developer
Java,Web Development,Intermediate,Web Developer
JavaScript,AI Research,Beginner,Web Developer
SQL,Data Science,Beginner,Data Scientist
SQL,AI Research,Advanced,Cybersecurity Analyst
JavaScript,Web Development,Advanced,Web Developer
Java,Mobile Apps,Intermediate,Mobile Developer
Java,Web Development,Beginner,Web Developer
C++,Cybersecurity,Intermediate,Cybersecurity Analyst
Python,Web Development,Beginner,Cybersecurity Analyst
SQL,Mobile Apps,Beginner,Cybersecurity Analyst
JavaScript,Cybersecurity,Beginner,Web Developer
C++,AI Research,Intermediate,AI Engineer
C++,Data Science,Advanced,AI Engineer
Python,AI Research,Intermediate,AI Engineer
Java,Web Development,Beginner,Web Developer
Java,Cybersecurity,Intermediate,Mobile Developer
SQL,Web Development,Advanced,Cybersecurity Analyst
Python,Cybersecurity,Intermediate,Cybersecurity Analyst
JavaScript,Cybersecurity,Beginner,Web Developer
SQL,Data Science,Intermediate,Data Scientist
SQL,Web Development,Intermediate,Data Scientist
Python,Cybersecurity,Intermediate,Cybersecurity Analyst
C++,Data Science,Advanced,AI Engineer
C++,Data Science,Intermediate,Mobile Developer
Python,AI Research,Beginner,AI Engineer
SQL,Web Development,Intermediate,Data Scientist
Python,AI Research,Intermediate,AI Engineer
C++,Cybersecurity,Beginner,Cybersecurity Analyst
C++,AI Research,Beginner,AI Engineer
C++,Mobile Apps,Advanced,Mobile Developer
C++,AI Research,Intermediate,AI Engineer
C++,Data Science,Advanced,AI Engineer
JavaScript,Web Development,Intermediate,Web Developer
SQL,Cybersecurity,Beginner,Cybersecurity Analyst
JavaScript,Web Development,Intermediate,Web Developer
C++,AI Research,Intermediate,AI Engineer
C++,AI Research,Advanced,AI Engineer
JavaScript,AI Research,Advanced,Web Developer
C++,AI Research,Beginner,AI Engineer
C++,Cybersecurity,Intermediate,Cybersecurity Analyst
Python,AI Research,Intermediate,AI Engineer
SQL,Web Development,Advanced,Cybersecurity Analyst
Python,Mobile Apps,Advanced,Data Scientist
Java,Cybersecurity,Beginner,Mobile Developer
C++,AI Research,Intermediate,AI Engineer
C++,AI Research,Beginner,AI Engineer
Python,Data Science,Beginner,Data Scientist
C++,Web Development,Advanced,AI Engineer
Java,Cybersecurity,Intermediate,Mobile Developer
Java,Data Science,Intermediate,Mobile Developer
Python,AI Research,Advanced,AI Engineer
C++,AI Research,Intermediate,AI Engineer
Python,Mobile Apps,Intermediate,Data Scientist
JavaScript,AI Research,Intermediate,Web Developer
C++,AI Research,Advanced,AI Engineer
Python,Data Science,Intermediate,Data Scientist
Python,Web Development,Advanced,Data Scientist
C++,Mobile Apps,Beginner,Mobile Developer
Python,AI Research,Intermediate,AI Engineer
Python,Web Development,Intermediate,Data Scientist
SQL,Mobile Apps,Intermediate,Data Scientist
SQL,AI Research,Intermediate,Data Scientist
C++,AI Research,Intermediate,AI Engineer
Python,Cybersecurity,Advanced,Cybersecurity Analyst
Python,Web Development,Intermediate,Data Scientist
C++,AI Research,Beginner,AI Engineer
Java,Cybersecurity,Beginner,Mobile Developer
Python,Web Development,Advanced,Data Scientist
SQL,Mobile Apps,Beginner,Cybersecurity Analyst
C++,Mobile Apps,Beginner,Mobile Developer
Python,AI Research,Intermediate,AI Engineer
JavaScript,Web Development,Beginner,Web Developer
SQL,Web Development,Intermediate,Data Scientist
C++,Data Science,Intermediate,Mobile Developer
Java,Cybersecurity,Beginner,Mobile Developer
SQL,Mobile Apps,Beginner,Cybersecurity Analyst
Python,AI Research,Advanced,AI Engineer
C++,Cybersecurity,Beginner,Cybersecurity Analyst
SQL,Data Science,Intermediate,Data Scientist
Python,AI Research,Advanced,AI Engineer
C++,Mobile Apps,Beginner,Mobile Developer
SQL,Web Development,Advanced,Cybersecurity Analyst
JavaScript,Cybersecurity,Advanced,Web Developer
Python,Data Science,Beginner,Data Scientist
JavaScript,Mobile Apps,Intermediate,Web Developer
C++,Data Science,Intermediate,Mobile Developer
Python,AI Research,Advanced,AI Engineer
C++,AI Research,Advanced,AI Engineer
SQL,AI Research,Advanced,Cybersecurity Analyst
Python,Web Development,Advanced,Data Scientist
Python,Cybersecurity,Beginner,Cybersecurity Analyst
C++,Mobile Apps,Beginner,Mobile Developer
JavaScript,Data Science,Advanced,Web Developer
Python,Mobile Apps,Intermediate,Data Scientist
Java,Data Science,Advanced,Mobile Developer
Java,Data Science,Beginner,Mobile Developer
Python,Mobile Apps,Intermediate,Data Scientist
C++,Mobile Apps,Beginner,Mobile Developer
Java,Data Science,Intermediate,Mobile Developer
Python,AI Research,Intermediate,AI Engineer
C++,Mobile Apps,Beginner,Mobile Developer
Java,AI Research,Intermediate,Mobile Developer
C++,Data Science,Advanced,AI Engineer
JavaScript,Mobile Apps,Beginner,Web Developer
JavaScript,AI Research,Advanced,Web Developer
Python,Cybersecurity,Advanced,Cybersecurity Analyst
Java,AI Research,Intermediate,Mobile Developer
Java,Data Science,Advanced,Mobile Developer
C++,Data Science,Beginner,Cybersecurity Analyst
Java,Mobile Apps,Advanced,Mobile Developer
C++,Data Science,Advanced,AI Engineer
Python,Data Science,Intermediate,Data Scientist
Python,Data Science,Beginner,Data Scientist
C++,AI Research,Intermediate,AI Engineer
JavaScript,Web Development,Intermediate,Web Developer
C++,Mobile Apps,Intermediate,Mobile Developer
Python,Cybersecurity,Intermediate,Cybersecurity Analyst
C++,AI Research,Intermediate,AI Engineer
JavaScript,Data Science,Intermediate,Web Developer
Python,Data Science,Beginner,Data Scientist
SQL,Mobile Apps,Intermediate,Data Scientist
Python,AI Research,Intermediate,AI Engineer
JavaScript,Data Science,Beginner,Web Developer
Java,Mobile Apps,Beginner,Mobile Developer
Python,Mobile Apps,Intermediate,Data Scientist
Python,AI Research,Intermediate,AI Engineer
Java,AI Research,Beginner,Mobile Developer
JavaScript,Web Development,Intermediate,Web Developer
C++,Data Science,Advanced,AI Engineer
Java,Cybersecurity,Advanced,Mobile Developer
C++,Data Science,Intermediate,Mobile Developer
SQL,Cybersecurity,Advanced,Cybersecurity Analyst
SQL,Cybersecurity,Beginner,Cybersecurity Analyst
Python,AI Research,Advanced,AI Engineer
C++,Web Development,Intermediate,Mobile Developer
Java,Web Development,Advanced,Web Developer
C++,Mobile Apps,Intermediate,Mobile Developer
Python,AI Research,Advanced,AI Engineer
SQL,Data Science,Beginner,Data Scientist
JavaScript,Data Science,Intermediate,Web Developer
C++,AI Research,Intermediate,AI Engineer
JavaScript,Data Science,Advanced,Web Developer
SQL,Cybersecurity,Intermediate,Data Scientist
Python,AI Research,Beginner,AI Engineer
Python,Data Science,Beginner,Data Scientist
SQL,Data Science,Advanced,Data Scientist
SQL,Web Development,Advanced,Cybersecurity Analyst
JavaScript,Mobile Apps,Beginner,Web Developer
JavaScript,Web Development,Intermediate,Web Developer
C++,Cybersecurity,Advanced,Cybersecurity Analyst
Python,Cybersecurity,Advanced,Cybersecurity Analyst
Python,Data Science,Beginner,Data Scientist
Python,Data Science,Beginner,Data Scientist
Java,AI Research,Beginner,Mobile Developer
SQL,Cybersecurity,Intermediate,Data Scientist
Java,AI Research,Intermediate,Mobile Developer
C++,Web Development,Intermediate,Mobile Developer
Python,Mobile Apps,Advanced,Data Scientist
Python,Data Science,Advanced,Data Scientist
Python,Mobile Apps,Advanced,Data Scientist
Python,Web Development,Intermediate,Data Scientist
Java,Mobile Apps,Beginner,Mobile Developer
C++,Data Science,Advanced,AI Engineer
C++,AI Research,Beginner,AI Engineer
JavaScript,Web Development,Beginner,Web Developer
Java,Mobile Apps,Intermediate,Mobile Developer
C++,Mobile Apps,Advanced,Mobile Developer
C++,Web Development,Advanced,AI Engineer
Java,Data Science,Beginner,Mobile Developer
Java,Web Development,Beginner,Web Developer
Python,Cybersecurity,Advanced,Cybersecurity Analyst
Python,Web Development,Intermediate,Data Scientist
JavaScript,Web Development,Intermediate,Web Developer
JavaScript,Mobile Apps,Advanced,Web Developer
Python,Mobile Apps,Beginner,Cybersecurity Analyst
C++,AI Research,Advanced,AI Engineer
SQL,AI Research,Intermediate,Data Scientist
Python,AI Research,Advanced,AI Engineer
SQL,Data Science,Beginner,Data Scientist
SQL,Mobile Apps,Beginner,Cybersecurity Analyst
C++,Cybersecurity,Beginner,Cybersecurity Analyst
Python,Cybersecurity,Advanced,Cybersecurity Analyst
Python,Data Science,Intermediate,Data Scientist
Python,AI Research,Advanced,AI Engineer
Java,AI Research,Intermediate,Mobile Developer
Python,Data Science,Advanced,Data Scientist
Java,AI Research,Intermediate,Mobile Developer
SQL,Web Development,Advanced,Cybersecurity Analyst
Java,Data Science,Advanced,Mobile Developer
Python,Cybersecurity,Intermediate,Cybersecurity Analyst
Java,Cybersecurity,Advanced,Mobile Developer
Python,AI Research,Intermediate,AI Engineer
C++,Cybersecurity,Intermediate,Cybersecurity Analyst
Python,Web Development,Intermediate,Data Scientist
C++,AI Research,Intermediate,AI Engineer
Java,AI Research,Beginner,Mobile Developer
JavaScript,Data Science,Intermediate,Web Developer
Java,Web Development,Intermediate,Web Developer
JavaScript,AI Research,Beginner,Web Developer
C++,Mobile Apps,Intermediate,Mobile Developer
Python,AI Research,Intermediate,AI Engineer
Python,Data Science,Advanced,Data Scientist
Python,Data Science,Beginner,Data Scientist
C++,Mobile Apps,Advanced,Mobile Developer
SQL,Data Science,Advanced,Data Scientist
JavaScript,Cybersecurity,Advanced,Web Developer
Java,Web Development,Beginner,Web Developer
C++,AI Research,Beginner,AI Engineer
JavaScript,Web Development,Advanced,Web Developer
C++,AI Research,Intermediate,AI Engineer
C++,Cybersecurity,Advanced,Cybersecurity Analyst
Python,Data Science,Advanced,Data Scientist
JavaScript,Data Science,Advanced,Web Developer
JavaScript,Web Development,Intermediate,Web Developer
Python,Web Development,Beginner,Cybersecurity Analyst
Java,Cybersecurity,Advanced,Mobile Developer
SQL,Cybersecurity,Intermediate,Data Scientist
Java,Data Science,Advanced,Mobile Developer
C++,AI Research,Advanced,AI Engineer
Python,AI Research,Beginner,AI Engineer
Python,Cybersecurity,Intermediate,Cybersecurity Analyst
Python,AI Research,Intermediate,AI Engineer
C++,AI Research,Intermediate,AI Engineer
Python,Mobile Apps,Intermediate,Data Scientist
Python,AI Research,Intermediate,AI Engineer
Python,AI Research,Intermediate,AI Engineer
JavaScript,Cybersecurity,Advanced,Web Developer
Java,Cybersecurity,Beginner,Mobile Developer
C++,AI Research,Intermediate,AI Engineer
JavaScript,Data Science,Advanced,Web Developer
Java,Web Development,Advanced,Web Developer
Java,Data Science,Advanced,Mobile Developer
Java,Cybersecurity,Beginner,Mobile Developer
C++,Cybersecurity,Intermediate,Cybersecurity Analyst
Python,AI Research,Advanced,AI Engineer
C++,AI Research,Advanced,AI Engineer
Python,Mobile Apps,Advanced,Data Scientist
Java,Cybersecurity,Intermediate,Mobile Developer
C++,Cybersecurity,Beginner,Cybersecurity Analyst
Python,AI Research,Advanced,AI Engineer
Python,Data Science,Beginner,Data Scientist
JavaScript,Mobile Apps,Beginner,Web Developer
JavaScript,Cybersecurity,Intermediate,Web Developer
JavaScript,Mobile Apps,Intermediate,Web Developer
C++,AI Research,Advanced,AI Engineer
SQL,Data Science,Advanced,Data Scientist
Python,Cybersecurity,Beginner,Cybersecurity Analyst
JavaScript,AI Research,Intermediate,Web Developer
JavaScript,Cybersecurity,Beginner,Web Developer
JavaScript,Data Science,Advanced,Web Developer
Python,Cybersecurity,Advanced,Cybersecurity Analyst
C++,Data Science,Advanced,AI Engineer
SQL,Mobile Apps,Advanced,Cybersecurity Analyst
C++,Mobile Apps,Beginner,Mobile Developer
Java,Web Development,Intermediate,Web Developer
JavaScript,Data Science,Intermediate,Web Developer
SQL,Web Development,Advanced,Cybersecurity Analyst
SQL,Cybersecurity,Intermediate,Data Scientist
SQL,Cybersecurity,Beginner,Cybersecurity Analyst
C++,Web Development,Beginner,Cybersecurity Analyst
C++,Mobile Apps,Intermediate,Mobile Developer
Java,Mobile Apps,Beginner,Mobile Developer
Python,Web Development,Intermediate,Data Scientist
C++,Web Development,Beginner,Cybersecurity Analyst
C++,Data Science,Advanced,AI Engineer
SQL,Cybersecurity,Beginner,Cybersecurity Analyst
Python,Data Science,Advanced,Data Scientist
C++,AI Research,Intermediate,AI Engineer
C++,Data Science,Beginner,Cybersecurity Analyst
Python,AI Research,Intermediate,AI Engineer
C++,Web Development,Intermediate,Mobile Developer
SQL,AI Research,Advanced,Cybersecurity Analyst
C++,Cybersecurity,Advanced,Cybersecurity Analyst
SQL,Mobile Apps,Intermediate,Data Scientist
JavaScript,AI Research,Beginner,Web Developer
SQL,Mobile Apps,Intermediate,Data Scientist
C++,Data Science,Beginner,Cybersecurity Analyst
C++,Mobile Apps,Beginner,Mobile Developer
Python,Mobile Apps,Beginner,Cybersecurity Analyst
Java,Mobile Apps,Intermediate,Mobile Developer
Python,AI Research,Intermediate,AI Engineer
C++,AI Research,Advanced,AI Engineer
Java,Mobile Apps,Advanced,Mobile Developer
C++,AI Research,Advanced,AI Engineer
Java,Mobile Apps,Intermediate,Mobile Developer
Java,Web Development,Intermediate,Web Developer
C++,Data Science,Advanced,AI Engineer
SQL,Mobile Apps,Beginner,Cybersecurity Analyst
SQL,Data Science,Beginner,Data Scientist
SQL,Web Development,Intermediate,Data Scientist
C++,Cybersecurity,Intermediate,Cybersecurity Analyst
Java,Web Development,Beginner,Web Developer
SQL,AI Research,Beginner,Cybersecurity Analyst
Java,Mobile Apps,Intermediate,Mobile Developer
Python,Web Development,Intermediate,Data Scientist
JavaScript,Data Science,Advanced,Web Developer
C++,AI Research,Beginner,AI Engineer
Python,Mobile Apps,Intermediate,Data Scientist
Python,Mobile Apps,Advanced,Data Scientist
JavaScript,Web Development,Intermediate,Web Developer
Java,Data Science,Advanced,Mobile Developer
C++,AI Research,Intermediate,AI Engineer
C++,Cybersecurity,Advanced,Cybersecurity Analyst
SQL,Cybersecurity,Advanced,Cybersecurity Analyst
C++,Mobile Apps,Advanced,Mobile Developer
SQL,Web Development,Advanced,Cybersecurity Analyst
Python,Cybersecurity,Intermediate,Cybersecurity Analyst
C++,AI Research,Intermediate,AI Engineer
JavaScript,Web Development,Advanced,Web Developer
SQL,Data Science,Advanced,Data Scientist
Python,Mobile Apps,Intermediate,Data Scientist
Python,Data Science,Advanced,Data Scientist
Java,Web Development,Intermediate,Web Developer
SQL,AI Research,Beginner,Cybersecurity Analyst
Java,Data Science,Beginner,Mobile Developer
Java,Web Development,Advanced,Web Developer
SQL,Web Development,Beginner,Cybersecurity Analyst
C++,Data Science,Beginner,Cybersecurity Analyst
Python,AI Research,Advanced,AI Engineer
SQL,Mobile Apps,Intermediate,Data Scientist
C++,Cybersecurity,Beginner,Cybersecurity Analyst
Python,Cybersecurity,Intermediate,Cybersecurity Analyst
SQL,Cybersecurity,Advanced,Cybersecurity Analyst
SQL,AI Research,Beginner,Cybersecurity Analyst
C++,Data Science,Advanced,AI Engineer
C++,AI Research,Beginner,AI Engineer
SQL,AI Research,Beginner,Cybersecurity Analyst
JavaScript,Mobile Apps,Beginner,Web Developer
C++,Web Development,Beginner,Cybersecurity Analyst
SQL,AI Research,Intermediate,Data Scientist
C++,Web Development,Advanced,AI Engineer
SQL,Web Development,Advanced,Cybersecurity Analyst
Java,AI Research,Beginner,Mobile Developer
Java,AI Research,Advanced,Mobile Developer
Java,Cybersecurity,Beginner,Mobile Developer
SQL,AI Research,Beginner,Cybersecurity Analyst
SQL,Web Development,Beginner,Cybersecurity Analyst
SQL,AI Research,Intermediate,Data Scientist
Python,Data Science,Intermediate,Data Scientist
SQL,Cybersecurity,Beginner,Cybersecurity Analyst
Java,AI Research,Beginner,Mobile Developer
Python,Data Science,Intermediate,Data Scientist
C++,Cybersecurity,Advanced,Cybersecurity Analyst
SQL,Data Science,Beginner,Data Scientist
JavaScript,Web Development,Beginner,Web Developer
JavaScript,Web Development,Advanced,Web Developer
Python,Cybersecurity,Advanced,Cybersecurity Analyst
C++,AI Research,Beginner,AI Engineer
C++,AI Research,Intermediate,AI Engineer
Python,AI Research,Beginner,AI Engineer
Java,Data Science,Advanced,Mobile Developer
JavaScript,Web Development,Beginner,Web Developer
C++,Cybersecurity,Beginner,Cybersecurity Analyst
C++,AI Research,Advanced,AI Engineer
Java,AI Research,Beginner,Mobile Developer
SQL,AI Research,Intermediate,Data Scientist
Java,Cybersecurity,Advanced,Mobile Developer
SQL,Data Science,Beginner,Data Scientist
Python,AI Research,Intermediate,AI Engineer
C++,Web Development,Intermediate,Mobile Developer
C++,Web Development,Intermediate,Mobile Developer
Python,Web Development,Advanced,Data Scientist
C++,Mobile Apps,Advanced,Mobile Developer
Python,Cybersecurity,Intermediate,Cybersecurity Analyst
C++,Web Development,Intermediate,Mobile Developer
JavaScript,Web Development,Intermediate,Web Developer
SQL,Mobile Apps,Beginner,Cybersecurity Analyst
Java,Mobile Apps,Advanced,Mobile Developer
Python,Data Science,Advanced,Data Scientist
C++,AI Research,Intermediate,AI Engineer
Python,AI Research,Advanced,AI Engineer
Python,AI Research,Intermediate,AI Engineer
Java,Mobile Apps,Beginner,Mobile Developer
JavaScript,Web Development,Intermediate,Web Developer
C++,Data Science,Beginner,Cybersecurity Analyst
Python,Cybersecurity,Beginner,Cybersecurity Analyst
Python,Web Development,Beginner,Cybersecurity Analyst
SQL,AI Research,Advanced,Cybersecurity Analyst
Python,AI Research,Intermediate,AI Engineer
C++,AI Research,Intermediate,AI Engineer
Java,Cybersecurity,Intermediate,Mobile Developer
SQL,Web Development,Beginner,Cybersecurity Analyst
Java,AI Research,Advanced,Mobile Developer
C++,Cybersecurity,Intermediate,Cybersecurity Analyst
Java,Cybersecurity,Advanced,Mobile Developer
Java,AI Research,Advanced,Mobile Developer
JavaScript,AI Research,Advanced,Web Developer
C++,Cybersecurity,Beginner,Cybersecurity Analyst
SQL,Mobile Apps,Intermediate,Data Scientist
Python,Cybersecurity,Intermediate,Cybersecurity Analyst
SQL,Data Science,Beginner,Data Scientist
Python,AI Research,Beginner,AI Engineer
C++,Data Science,Advanced,AI Engineer
JavaScript,Cybersecurity,Intermediate,Web Developer
SQL,Web Development,Advanced,Cybersecurity Analyst
Java,AI Research,Advanced,Mobile Developer
JavaScript,Mobile Apps,Beginner,Web Developer
SQL,Web Development,Intermediate,Data Scientist
SQL,Data Science,Intermediate,Data Scientist
SQL,AI Research,Beginner,Cybersecurity Analyst
SQL,Data Science,Intermediate,Data Scientist
Python,AI Research,Beginner,AI Engineer
JavaScript,Cybersecurity,Intermediate,Web Developer
JavaScript,AI Research,Beginner,Web Developer
Java,Data Science,Intermediate,Mobile Developer
Python,AI Research,Advanced,AI Engineer
Java,Data Science,Intermediate,Mobile Developer
C++,AI Research,Intermediate,AI Engineer
